[
  {
    "username": "john",
    "_id": "2f5c7c49539745a3a83a7014",
    "count": 3,
    "log": [
      {
        "description": "aaa",
        "duration": "15",
        "date": "Sat Jan 01 2022"
      },
      {
        "description": "bbb",
        "duration": "30",
        "date": "Sun Jan 02 2022"
      },
      {
        "description": "ccc",
        "duration": "45",
        "date": "Sun Feb 26 2023"
      }
    ]
  },
  {
    "username": "jessica",
    "_id": "59c5bc83e29a4116a6087457",
    "count": 0,
    "log": []
  },
  {
    "username": "fcc_test_16779220831",
    "_id": "9cbb1e9e6ad948b28981001b",
    "count": 0,
    "log": []
  },
  {
    "username": "fcc_test_16779220842",
    "_id": "6f05c058f8bf4b77a8f7d230",
    "count": 0,
    "log": []
  },
  {
    "username": "fcc_test_16779220855",
    "_id": "67172a815f49408981395d40",
    "count": 1,
    "log": [
      {
        "description": "test",
        "duration": "60",
        "date": "Mon Jan 01 1990"
      }
    ]
  },
  {
    "username": "fcc_test_16779220865",
    "_id": "c66d6435a6e24fc9a4726036",
    "count": 1,
    "log": [
      {
        "description": "test",
        "duration": "60",
        "date": "Mon Jan 01 1990"
      }
    ]
  },
  {
    "username": "fcc_test_16779220873",
    "_id": "188088a0119a4a9ebc001cbe",
    "count": 1,
    "log": [
      {
        "description": "test",
        "duration": "60",
        "date": "Sat Mar 04 2023"
      }
    ]
  },
  {
    "username": "fcc_test_16779220879",
    "_id": "3995209bc4cd4380a9730fd8",
    "count": 0,
    "log": []
  },
  {
    "username": "fcc_test_16779220889",
    "_id": "c00dea0dc3f54e8bb10b257f",
    "count": 0,
    "log": []
  },
  {
    "username": "fcc_test_16779220902",
    "_id": "5ea5bf19e60c452e92462071",
    "count": 1,
    "log": [
      {
        "description": "test",
        "duration": "60",
        "date": "Mon Jan 01 1990"
      }
    ]
  },
  {
    "username": "fcc_test_16779220911",
    "_id": "c3a38c07958644e0a35d15ab",
    "count": 1,
    "log": [
      {
        "description": "test",
        "duration": "60",
        "date": "Mon Jan 01 1990"
      }
    ]
  },
  {
    "username": "fcc_test_16779220920",
    "_id": "877042fdcd114a65b113043b",
    "count": 1,
    "log": [
      {
        "description": "test",
        "duration": "60",
        "date": "Sat Mar 04 2023"
      }
    ]
  },
  {
    "username": "fcc_test_16779220931",
    "_id": "8b45abbebe864fc692760e23",
    "count": 1,
    "log": [
      {
        "description": "test",
        "duration": "60",
        "date": "Sat Mar 04 2023"
      }
    ]
  },
  {
    "username": "fcc_test_16779220943",
    "_id": "16c808b3dddd48e3ba3fdb3e",
    "count": 1,
    "log": [
      {
        "description": "test",
        "duration": "60",
        "date": "Sat Mar 04 2023"
      }
    ]
  },
  {
    "username": "fcc_test_16779220956",
    "_id": "c35c1973d55744b1a767759c",
    "count": 1,
    "log": [
      {
        "description": "test",
        "duration": "60",
        "date": "Sat Mar 04 2023"
      }
    ]
  },
  {
    "username": "fcc_test_16779220969",
    "_id": "5184e710574f4f5ea00abd23",
    "count": 1,
    "log": [
      {
        "description": "test",
        "duration": "60",
        "date": "Sat Mar 04 2023"
      }
    ]
  },
  {
    "username": "fcc_test_16779220980",
    "_id": "a183eda5016c45eba1abc6ad",
    "count": 1,
    "log": [
      {
        "description": "test",
        "duration": "60",
        "date": "Sat Mar 04 2023"
      }
    ]
  },
  {
    "username": "fcc_test_16779220992",
    "_id": "bbed6c4a183b4680b3298547",
    "count": 1,
    "log": [
      {
        "description": "test",
        "duration": "60",
        "date": "Sat Mar 04 2023"
      }
    ]
  },
  {
    "username": "fcc_test_16779221003",
    "_id": "e00f276a7cc54190932c503d",
    "count": 2,
    "log": [
      {
        "description": "test",
        "duration": "60",
        "date": "Mon Jan 01 1990"
      },
      {
        "description": "test",
        "duration": "60",
        "date": "Wed Jan 03 1990"
      }
    ]
  },
  {
    "username": "fcc_test_16970814920",
    "_id": "9f7b95a0f6904793ad9682fa",
    "count": 0,
    "log": []
  },
  {
    "username": "fcc_test_16970814930",
    "_id": "7c087ae470f043feb2839f65",
    "count": 0,
    "log": []
  },
  {
    "username": "fcc_test_16970814935",
    "_id": "655219802b564d4ba7b1efa5",
    "count": 1,
    "log": [
      {
        "description": "test",
        "duration": "60",
        "date": "Mon Jan 01 1990"
      }
    ]
  },
  {
    "username": "fcc_test_16970814938",
    "_id": "b0213941315f423c8bd10d34",
    "count": 1,
    "log": [
      {
        "description": "test",
        "duration": "60",
        "date": "Mon Jan 01 1990"
      }
    ]
  },
  {
    "username": "fcc_test_16970814941",
    "_id": "d94fcf76978b423c896c8dbd",
    "count": 1,
    "log": [
      {
        "description": "test",
        "duration": "60",
        "date": "Thu Oct 12 2023"
      }
    ]
  },
  {
    "username": "fcc_test_16970814945",
    "_id": "c7f4763c5e6b40df99110bd9",
    "count": 1,
    "log": [
      {
        "description": "test",
        "duration": "60",
        "date": "Thu Oct 12 2023"
      }
    ]
  },
  {
    "username": "fcc_test_16970814949",
    "_id": "f2a073dcf7e44d3097fb7398",
    "count": 1,
    "log": [
      {
        "description": "test",
        "duration": "60",
        "date": "Thu Oct 12 2023"
      }
    ]
  },
  {
    "username": "fcc_test_16970814953",
    "_id": "9d5fbf2255814e11a9067218",
    "count": 1,
    "log": [
      {
        "description": "test",
        "duration": "60",
        "date": "Thu Oct 12 2023"
      }
    ]
  },
  {
    "username": "fcc_test_16970814957",
    "_id": "e7f7a5e3d7e248228d6da4a0",
    "count": 1,
    "log": [
      {
        "description": "test",
        "duration": "60",
        "date": "Thu Oct 12 2023"
      }
    ]
  },
  {
    "username": "fcc_test_16970814961",
    "_id": "3d4c0531c227496fb4265f89",
    "count": 1,
    "log": [
      {
        "description": "test",
        "duration": "60",
        "date": "Thu Oct 12 2023"
      }
    ]
  },
  {
    "username": "fcc_test_16970814965",
    "_id": "ed354e10519646aaa1386094",
    "count": 1,
    "log": [
      {
        "description": "test",
        "duration": "60",
        "date": "Thu Oct 12 2023"
      }
    ]
  },
  {
    "username": "fcc_test_16970814969",
    "_id": "eda90161933a4953b5e60e6a",
    "count": 2,
    "log": [
      {
        "description": "test",
        "duration": "60",
        "date": "Mon Jan 01 1990"
      },
      {
        "description": "test",
        "duration": "60",
        "date": "Wed Jan 03 1990"
      }
    ]
  },
  {
    "username": "fcc_test_17595008866",
    "_id": "00922fa3bfab4a32b718b38f",
    "count": 0,
    "log": []
  },
  {
    "username": "fcc_test_17595008868",
    "_id": "5d0c31685e8a47f48318f948",
    "count": 0,
    "log": []
  },
  {
    "username": "fcc_test_17595008869",
    "_id": "c17111ae49ac4a329ac2548b",
    "count": 1,
    "log": [
      {
        "description": "test",
        "duration": "60",
        "date": "Mon Jan 01 1990"
      }
    ]
  },
  {
    "username": "fcc_test_17595008870",
    "_id": "d7b98aa387f44be680657eaa",
    "count": 1,
    "log": [
      {
        "description": "test",
        "duration": "60",
        "date": "Fri Oct 03 2025"
      }
    ]
  },
  {
    "username": "fcc_test_17595008871",
    "_id": "bdc85e6c47ca4eac8fcd5f2a",
    "count": 1,
    "log": [
      {
        "description": "test",
        "duration": "60",
        "date": "Fri Oct 03 2025"
      }
    ]
  },
  {
    "username": "fcc_test_17595010822",
    "_id": "c856a7585696467584af3bf7",
    "count": 0,
    "log": []
  },
  {
    "username": "fcc_test_17595010823",
    "_id": "3181acf09dd343cc9c82244d",
    "count": 1,
    "log": [
      {
        "description": "test",
        "duration": 60,
        "date": "Fri Oct 03 2025"
      }
    ]
  },
  {
    "username": "fcc_test_17595010824",
    "_id": "6a3011d7efcb4e82853b3760",
    "count": 1,
    "log": [
      {
        "description": "test",
        "duration": 60,
        "date": "Fri Oct 03 2025"
      }
    ]
  },
  {
    "username": "fcc_test_17595010825",
    "_id": "358762a76927453d9bc108e5",
    "count": 2,
    "log": [
      {
        "description": "test",
        "duration": 60,
        "date": "Mon Jan 01 1990"
      },
      {
        "description": "test",
        "duration": 60,
        "date": "Wed Jan 03 1990"
      }
    ]
  },
  {
    "username": "fcc_test_17595013500",
    "_id": "a61bee9ce3ef46ee87f53007",
    "count": 0,
    "log": []
  },
  {
    "username": "fcc_test_17595013501",
    "_id": "d5b2c4a8714e4a9ab1d331a9",
    "count": 1,
    "log": [
      {
        "description": "test",
        "duration": 60,
        "date": "Mon Jan 01 1990"
      }
    ]
  },
  {
    "username": "fcc_test_17595013502",
    "_id": "77db3e76a3314301bc886c5b",
    "count": 1,
    "log": [
      {
        "description": "test",
        "duration": 60,
        "date": "Fri Oct 03 2025"
      }
    ]
  },
  {
    "username": "fcc_test_17595013503",
    "_id": "d394e0fcabd94363819b3824",
    "count": 1,
    "log": [
      {
        "description": "test",
        "duration": 60,
        "date": "Fri Oct 03 2025"
      }
    ]
  },
  {
    "username": "fcc_test_17595013504",
    "_id": "ca15f5f2d52346b5ac2afa5c",
    "count": 1,
    "log": [
      {
        "description": "test",
        "duration": 60,
        "date": "Fri Oct 03 2025"
      }
    ]
  },
  {
    "username": "fcc_test_17595017008",
    "_id": "c58dddf405604a3b8f734ac5",
    "count": 0,
    "log": []
  },
  {
    "username": "fcc_test_17595017009",
    "_id": "c956741de190403ab70731bb",
    "count": 0,
    "log": []
  },
  {
    "username": "fcc_test_17595017010",
    "_id": "3a9be293e0b44c4ba4d05ef5",
    "count": 1,
    "log": [
      {
        "description": "test",
        "duration": 60,
        "date": "Fri Oct 03 2025"
      }
    ]
  },
  {
    "username": "fcc_test_17595019495",
    "_id": "87ae0d8171874b898eb0c9cd",
    "count": 0,
    "log": []
  },
  {
    "username": "fcc_test_17595019496",
    "_id": "9fd58c69c90345a59f2997f6",
    "count": 0,
    "log": []
  },
  {
    "username": "fcc_test_17595019497",
    "_id": "4a2c8d92c71040a7bda57ea2",
    "count": 1,
    "log": [
      {
        "description": "test",
        "duration": 60,
        "date": "Fri Oct 03 2025"
      }
    ]
  },
  {
    "username": "fcc_test_17595020578",
    "_id": "4547c84fa6734061b1a52d79",
    "count": 0,
    "log": []
  },
  {
    "username": "fcc_test_17595020579",
    "_id": "0827f4f2b0594e82b7728e2a",
    "count": 0,
    "log": []
  },
  {
    "username": "fcc_test_17595020580",
    "_id": "f915ad7a1eae4984aeff681d",
    "count": 1,
    "log": [
      {
        "description": "test",
        "duration": 60,
        "date": "Fri Oct 03 2025"
      }
    ]
  },
  {
    "username": "fcc_test_17595020581",
    "_id": "31016eea9e6d4133928a0fc9",
    "count": 2,
    "log": [
      {
        "description": "test",
        "duration": 60,
        "date": "Mon Jan 01 1990"
      },
      {
        "description": "test",
        "duration": 60,
        "date": "Wed Jan 03 1990"
      }
    ]
  },
  {
    "username": "fcc_test_17595021916",
    "_id": "41ea447ce7e946f4b9b1bb6a",
    "count": 0,
    "log": []
  },
  {
    "username": "fcc_test_17595021917",
    "_id": "efdcaf4009124baeb7dc61b8",
    "count": 1,
    "log": [
      {
        "description": "test",
        "duration": 60,
        "date": "Mon Jan 01 1990"
      }
    ]
  },
  {
    "username": "fcc_test_17595021918",
    "_id": "7e9005f72e4342999a08dfec",
    "count": 1,
    "log": [
      {
        "description": "test",
        "duration": 60,
        "date": "Fri Oct 03 2025"
      }
    ]
  },
  {
    "username": "fcc_test_17595021921",
    "_id": "3a9bbfd5d24b460d87d391a5",
    "count": 1,
    "log": [
      {
        "description": "test",
        "duration": 60,
        "date": "Fri Oct 03 2025"
      }
    ]
  },
  {
    "username": "fcc_test_17595021922",
    "_id": "9b9e84386653414bb43138c8",
    "count": 1,
    "log": [
      {
        "description": "test",
        "duration": 60,
        "date": "Fri Oct 03 2025"
      }
    ]
  },
  {
    "username": "fcc_test_17595022926",
    "_id": "ec0dac9570104447b25f8ff8",
    "count": 0,
    "log": []
  },
  {
    "username": "fcc_test_17595022927",
    "_id": "f60d24eb251440afbb773e53",
    "count": 1,
    "log": [
      {
        "description": "test",
        "duration": 60,
        "date": "Fri Oct 03 2025"
      }
    ]
  },
  {
    "username": "fcc_test_17595022928",
    "_id": "2bddc66559a64b22a2724fcf",
    "count": 1,
    "log": [
      {
        "description": "test",
        "duration": 60,
        "date": "Fri Oct 03 2025"
      }
    ]
  },
  {
    "username": "fcc_test_17595023492",
    "_id": "aad1c976d11b43beb0922979",
    "count": 0,
    "log": []
  },
  {
    "username": "fcc_test_17595023493",
    "_id": "15722ff44d0d418c914f7021",
    "count": 1,
    "log": [
      {
        "description": "test",
        "duration": 60,
        "date": "Mon Jan 01 1990"
      }
    ]
  },
  {
    "username": "fcc_test_17595023494",
    "_id": "ae2da816a58a4032a8df1547",
    "count": 1,
    "log": [
      {
        "description": "test",
        "duration": 60,
        "date": "Fri Oct 03 2025"
      }
    ]
  },
  {
    "username": "fcc_test_17595024058",
    "_id": "a3524621906e48649746f1bd",
    "count": 0,
    "log": []
  },
  {
    "username": "fcc_test_17595024059",
    "_id": "1a3f912319c6444fa7d09c68",
    "count": 1,
    "log": [
      {
        "description": "test",
        "duration": 60,
        "date": "Mon Jan 01 1990"
      }
    ]
  },
  {
    "username": "fcc_test_17595024060",
    "_id": "2bcb0664fb1643b8a880d8ec",
    "count": 1,
    "log": [
      {
        "description": "test",
        "duration": 60,
        "date": "Fri Oct 03 2025"
      }
    ]
  },
  {
    "username": "fcc_test_17595025435",
    "_id": "47fd9b7fa4154d8b89bffac6",
    "count": 0,
    "log": []
  },
  {
    "username": "fcc_test_17595025436",
    "_id": "f6bbf263db3e47478b94d15b",
    "count": 0,
    "log": []
  },
  {
    "username": "fcc_test_17595025437",
    "_id": "79f0038297f747d9b4e71a66",
    "count": 1,
    "log": [
      {
        "description": "test",
        "duration": 60,
        "date": "Fri Oct 03 2025"
      }
    ]
  },
  {
    "username": "fcc_test_17595025438",
    "_id": "870e71e2b1c744e59d138424",
    "count": 1,
    "log": [
      {
        "description": "test",
        "duration": 60,
        "date": "Fri Oct 03 2025"
      }
    ]
  },
  {
    "username": "fcc_test_17595027104",
    "_id": "a94cb10584344714ae9dc2cf",
    "count": 0,
    "log": []
  },
  {
    "username": "fcc_test_17595027105",
    "_id": "b8003d6a380845db932e4d66",
    "count": 0,
    "log": []
  },
  {
    "username": "fcc_test_17595027106",
    "_id": "b6a712c64adc4b2490002e59",
    "count": 1,
    "log": [
      {
        "description": "test",
        "duration": 60,
        "date": "2025-10-03T14:45:10.621Z"
      }
    ]
  },
  {
    "username": "fcc_test_17595028698",
    "_id": "defd8752011d4c08b512a795",
    "count": 0,
    "log": []
  },
  {
    "username": "fcc_test_17595028699",
    "_id": "518efae6884c4f7e8b0c51fd",
    "count": 1,
    "log": [
      {
        "description": "test",
        "duration": 60,
        "date": "1990-01-01T00:00:00.000Z"
      }
    ]
  },
  {
    "username": "fcc_test_17595028700",
    "_id": "6b0a3d75a97d4c269ead8812",
    "count": 1,
    "log": [
      {
        "description": "test",
        "duration": 60,
        "date": "2025-10-03T14:47:50.020Z"
      }
    ]
  },
  {
    "username": "fcc_test_17595030050",
    "_id": "e02383d0b4374bdb9a0234de",
    "count": 0,
    "log": []
  },
  {
    "username": "fcc_test_17595030051",
    "_id": "c7f47ca95406453d98f6aca8",
    "count": 0,
    "log": []
  },
  {
    "username": "fcc_test_17595030052",
    "_id": "cbb9f332a81745b88044b7e7",
    "count": 1,
    "log": [
      {
        "description": "test",
        "duration": 60,
        "date": "2025-10-03T14:50:05.236Z"
      }
    ]
  },
  {
    "username": "fcc_test_17595030053",
    "_id": "a842c1892b324b6c8754d2eb",
    "count": 1,
    "log": [
      {
        "description": "test",
        "duration": 60,
        "date": "2025-10-03T14:50:05.322Z"
      }
    ]
  },
  {
    "username": "fcc_test_17595031471",
    "_id": "f08eadbd77494b8ba0cf2f26",
    "count": 0,
    "log": []
  },
  {
    "username": "fcc_test_17595031472",
    "_id": "9e57ef57435a435997f6f952",
    "count": 1,
    "log": [
      {
        "description": "test",
        "duration": 60,
        "date": "1990-01-01T00:00:00.000Z"
      }
    ]
  },
  {
    "username": "fcc_test_17595031473",
    "_id": "0d2e1196a3ad45b588aaa93a",
    "count": 1,
    "log": [
      {
        "description": "test",
        "duration": 60,
        "date": "2025-10-03T14:52:27.326Z"
      }
    ]
  },
  {
    "username": "fcc_test_17595031724",
    "_id": "a6bdeb35d124400daf89030c",
    "count": 0,
    "log": []
  },
  {
    "username": "fcc_test_17595031725",
    "_id": "cb758ae2d876417e9017bbb7",
    "count": 0,
    "log": []
  },
  {
    "username": "fcc_test_17595031726",
    "_id": "5e36629873a5426480e55855",
    "count": 1,
    "log": [
      {
        "description": "test",
        "duration": 60,
        "date": "2025-10-03T14:52:52.623Z"
      }
    ]
  },
  {
    "username": "fcc_test_17595031727",
    "_id": "d8627c5e0ef24fccb13715d0",
    "count": 1,
    "log": [
      {
        "description": "test",
        "duration": 60,
        "date": "2025-10-03T14:52:52.715Z"
      }
    ]
  },
  {
    "username": "fcc_test_17595032900",
    "_id": "484c8ae43e914275b81a98f1",
    "count": 0,
    "log": []
  },
  {
    "username": "fcc_test_17595032901",
    "_id": "1b9b74981a834514b168d32b",
    "count": 1,
    "log": [
      {
        "description": "test",
        "duration": 60,
        "date": "1990-01-01T00:00:00.000Z"
      }
    ]
  },
  {
    "username": "fcc_test_17595032902",
    "_id": "c04696f355a941f8a67b87a8",
    "count": 1,
    "log": [
      {
        "description": "test",
        "duration": 60,
        "date": "2025-10-03T14:54:50.230Z"
      }
    ]
  },
  {
    "username": "fcc_test_17595034113",
    "_id": "e76f8544b21a48e1b0bc72ec",
    "log": []
  },
  {
    "username": "fcc_test_17595034113",
    "_id": "a43c08a7f12d465f81a5ec2d",
    "log": []
  },
  {
    "username": "fcc_test_17595034114",
    "_id": "d2e2ed58bcf14bc09852b2d6",
    "log": [
      {
        "description": "test",
        "duration": 60,
        "date": "Mon Jan 01 1990"
      }
    ]
  },
  {
    "username": "fcc_test_17595034114",
    "_id": "aacff89cd69547459c5da363",
    "log": [
      {
        "description": "test",
        "duration": 60,
        "date": "Mon Jan 01 1990"
      }
    ]
  },
  {
    "username": "fcc_test_17595034114",
    "_id": "52da4a43c27844a18f80b93e",
    "log": [
      {
        "description": "test",
        "duration": 60,
        "date": "Fri Oct 03 2025"
      }
    ]
  },
  {
    "username": "fcc_test_17595034115",
    "_id": "03f0d4c80533415288de4e33",
    "log": [
      {
        "description": "test",
        "duration": 60,
        "date": "Fri Oct 03 2025"
      }
    ]
  },
  {
    "username": "fcc_test_17595034115",
    "_id": "1c5305d4d21c4a0b8cfdad6c",
    "log": [
      {
        "description": "test",
        "duration": 60,
        "date": "Fri Oct 03 2025"
      }
    ]
  },
  {
    "username": "fcc_test_17595034115",
    "_id": "cf76929235a242218617c225",
    "log": [
      {
        "description": "test",
        "duration": 60,
        "date": "Fri Oct 03 2025"
      }
    ]
  },
  {
    "username": "fcc_test_17595034116",
    "_id": "cf13444dd5d349a7abdd994c",
    "log": [
      {
        "description": "test",
        "duration": 60,
        "date": "Fri Oct 03 2025"
      }
    ]
  },
  {
    "username": "fcc_test_17595034116",
    "_id": "c3afc3dde6cf4d17b5a757f8",
    "log": [
      {
        "description": "test",
        "duration": 60,
        "date": "Fri Oct 03 2025"
      }
    ]
  },
  {
    "username": "fcc_test_17595034116",
    "_id": "329b5df26c0d4dd788ce82c9",
    "log": [
      {
        "description": "test",
        "duration": 60,
        "date": "Fri Oct 03 2025"
      }
    ]
  },
  {
    "username": "fcc_test_17595034117",
    "_id": "b8a163cd6f534dc48197dcfb",
    "log": [
      {
        "description": "test",
        "duration": 60,
        "date": "Mon Jan 01 1990"
      },
      {
        "description": "test",
        "duration": 60,
        "date": "Wed Jan 03 1990"
      }
    ]
  }
]