[
  {
    "original_url": "https://www.w3schools.com/",
    "short_url": 715
  },
  {
    "original_url": "https://github.com/",
    "short_url": 299
  },
  {
    "original_url": "https://www.freecodecamp.org/",
    "short_url": 1982
  },
  {
    "original_url": "https://www.wikipedia.org/",
    "short_url": 2374
  },
  {
    "original_url": "https://www.tutorialrepublic.com/",
    "short_url": 220
  },
  {
    "original_url": "https://www.google.com/",
    "short_url": 4181
  },
  {
    "original_url": "https://www.tutorialspoint.com/",
    "short_url": 2745
  },
  {
    "original_url": "https://url-shortener-microservice.viktoriussuwand.repl.co/?v=1677921275751",
    "short_url": 2529
  },
  {
    "original_url": "https://url-shortener-microservice.viktoriussuwand.repl.co/?v=1677921277226",
    "short_url": 26
  },
  {
    "original_url": "https://paramsgit.github.io/gs/",
    "short_url": 477
  },
  {
    "original_url": "https://url-shortener-microservice.viktoriussuwand.repl.co/?v=1688403149867",
    "short_url": 6971
  },
  {
    "original_url": "https://url-shortener-microservice.viktoriussuwand.repl.co/?v=1688403151972",
    "short_url": 1176
  },
  {
    "original_url": "https://url-shortener-microservice.viktoriussuwand.repl.co/?v=1688403598832",
    "short_url": 11583
  },
  {
    "original_url": "https://url-shortener-microservice.viktoriussuwand.repl.co/?v=1688403599622",
    "short_url": 12615
  },
  {
    "original_url": "https://url-shortener-microservice.viktoriussuwand.repl.co/?v=1688654823499",
    "short_url": 12236
  },
  {
    "original_url": "https://url-shortener-microservice.viktoriussuwand.repl.co/?v=1688654824633",
    "short_url": 10101
  },
  {
    "original_url": "http://social-logins.com/TEMP/FF?id=1704308798",
    "short_url": 4256
  },
  {
    "original_url": "https://url-shortener-microservice.viktoriussuwand.repl.co/?v=1689943522758",
    "short_url": 11562
  },
  {
    "original_url": "https://url-shortener-microservice.viktoriussuwand.repl.co/?v=1689943523983",
    "short_url": 11135
  },
  {
    "original_url": "https://url-shortener-microservice--viktoriussuwand.repl.co/",
    "short_url": 10617
  },
  {
    "original_url": "https://url-shortener-microservice--viktoriussuwand.repl.co/?v=1694195042721",
    "short_url": 8521
  },
  {
    "original_url": "https://url-shortener-microservice--viktoriussuwand.repl.co/?v=1694195044599",
    "short_url": 9164
  },
  {
    "original_url": "https://github.com",
    "short_url": 20242
  },
  {
    "original_url": "https://www.google.com",
    "short_url": 947
  },
  {
    "original_url": "https://www.freecodecamp.org",
    "short_url": 10495
  },
  {
    "original_url": "123",
    "short_url": 11091
  },
  {
    "original_url": "https://www.goolge.com",
    "short_url": 23340
  },
  {
    "original_url": "https://www.crunchyroll.com",
    "short_url": 3270
  },
  {
    "original_url": "https://axewbotx.is-a.dev",
    "short_url": 22592
  },
  {
    "original_url": "https://url-shortener-microservice.viktoriussuwand.repl.co/?v=1698825089095",
    "short_url": 12187
  },
  {
    "original_url": "https://url-shortener-microservice.viktoriussuwand.repl.co/?v=1698825089772",
    "short_url": 28180
  },
  {
    "original_url": "https://url-shortener-microservice.viktoriussuwand.repl.co/?v=1698915498262",
    "short_url": 26470
  },
  {
    "original_url": "https://url-shortener-microservice.viktoriussuwand.repl.co/?v=1698915499406",
    "short_url": 24941
  },
  {
    "original_url": "https://google.com",
    "short_url": 18963
  },
  {
    "original_url": "https://www.linkedin.com/in/dhruvsethi708/",
    "short_url": 5810
  },
  {
    "original_url": "https://url-shortener-microservice.viktoriussuwand.repl.co/?v=1700226656562",
    "short_url": 16967
  },
  {
    "original_url": "https://url-shortener-microservice.viktoriussuwand.repl.co/?v=1700226657871",
    "short_url": 1708
  },
  {
    "original_url": "https://url-shortener-microservice.viktoriussuwand.repl.co/?v=1700247871597",
    "short_url": 22713
  },
  {
    "original_url": "https://url-shortener-microservice.viktoriussuwand.repl.co/?v=1700247872085",
    "short_url": 21834
  },
  {
    "original_url": "https://url-shortener-microservice.viktoriussuwand.repl.co/?v=1700249035242",
    "short_url": 10514
  },
  {
    "original_url": "https://url-shortener-microservice.viktoriussuwand.repl.co/?v=1700249035922",
    "short_url": 9584
  },
  {
    "original_url": "https://url-shortener-microservice.viktoriussuwand.repl.co/?v=1700250834441",
    "short_url": 11096
  },
  {
    "original_url": "https://url-shortener-microservice.viktoriussuwand.repl.co/?v=1700250835109",
    "short_url": 7348
  },
  {
    "original_url": "https://url-shortener-microservice--viktoriussuwand.repl.co/?v=1701195291518",
    "short_url": 19319
  },
  {
    "original_url": "https://url-shortener-microservice--viktoriussuwand.repl.co/?v=1701195292232",
    "short_url": 32353
  },
  {
    "original_url": "https://example.org/",
    "short_url": 30767
  },
  {
    "original_url": "http://localhost:3000/?v=1759500538307",
    "short_url": 40500
  },
  {
    "original_url": "http://localhost:3000/?v=1759500538342",
    "short_url": 25731
  }
]